t,n,message_size,signature_size,signature_duration,verification_duration
2,5,64,96,0.0006648419999999988,0.0007716479999999998
3,5,64,96,0.0006114400000000048,0.0005336829999999931
4,5,64,96,0.000743924,0.0005482409999999979
19,20,64,96,0.0012458229999999931,0.0008124929999999975
17,20,64,96,0.0009231789999999962,0.0006939710000000016
11,20,64,96,0.000833754000000006,0.0008386780000000094
